,shop_name,shop_type,rating,numbers_of_rating,price
0,Elixir Bunn Coffee ,cafe,4.3,218,0
1,Chamonix Cafe,coffee shop,4,563,3
2,dr.CAFE COFFEE,coffee shop,4.1,1571,2
3,The Shaky,coffee shop,3.9,52,0
5,Onza Cafee,coffee shop,4,179,2
6,Brew Crew,coffee shop,4.4,1186,2
7,Elixir Bunn Coffee Roasters,coffee shop,4.2,2462,2
8,Coffe Day,coffee shop,4.1,130,2
9,Colony Coffee,coffee shop,3.7,229,2
10,Caramel Lobby Lounge,coffee shop,3.7,36,0
11,Best coffee,coffee shop,4.1,164,0
12,dr.CAFE COFFEE,coffee shop,3.9,828,2
13,Coffee Day,coffee shop,3.9,889,2
14,Coffee Day,coffee shop,4.2,350,2
15,Plateau Cafe,coffee shop,3.8,215,0
16,Urth Caffé,cafe,4.1,6913,3
17,Jeffries Coffee & Tea House,coffee shop,3.4,18,0
18,Tutti Cafe,coffee shop,4.1,925,2
19,Coffee Day,coffee shop,3.8,364,2
20,Gemini café,coffee shop,3.8,72,0
21,Maya Cafe,coffee shop,3.8,492,2
22,Cookery restaurant and coffee shop كوكري مطعم وكافية,coffee shop,3.9,179,0
23,Le Cafeier,coffee shop,4,861,3
24,Tutti Cafe,coffee shop,4,540,2
25,Java Cafe,coffee shop,5,3,2
27,dr.CAFE COFFEE,coffee shop,4.5,666,2
28,The Organic Café,coffee shop,3.6,342,0
29,Starbucks coffee,coffee shop,3.9,395,2
30,Roma Cafe,coffee shop,3.6,204,0
31,Raae Alkaif Roasters,coffee shop,4.5,4,0
32,Camel Step Coffee Roasters,coffee shop,4.3,5568,2
34,Sultan Coffee,coffee shop,3.1,72,0
35,Lorca Cafe,coffee shop,4.1,1385,2
36,CAF Cafe,coffee shop,3.6,1216,0
39,Starbucks,coffee shop,3.6,193,2
40,Capio Diem,coffee shop,4.2,629,2
41,The Coffee Shop,coffee shop,3,36,0
42,dr.CAFE COFFEE,coffee shop,4,721,2
43,My Life Coffee ماي لايف كافيه,coffee shop,3.7,1291,2
44,Java Time,coffee shop,4.2,1020,2
45,La Wien,coffee shop,4,237,2
46,White Foam Cafe,coffee shop,3.8,393,2
47,Starbucks Coffee,coffee shop,4,21,2
48,Starbucks,coffee shop,3.8,511,2
49,Starbucks,coffee shop,4,2213,2
50,Java Cafe,coffee shop,4,219,2
52,Golden Kangaroo cafe,cafe,4.3,1083,2
53,Coffee Extract,coffee shop,4.4,61,0
54,Address Cafe,coffee shop,4.1,1863,2
55,coffee 101,coffee shop,4.2,144,0
57,dr.CAFE COFFEE,coffee shop,3.9,1068,2
58,Coffee Day,cafe,3.8,584,2
59,Coffee Boxes,coffee shop,4,859,0
60,Starbucks,coffee shop,3.9,450,2
61,Caribou Coffee,coffee shop,4.2,764,2
62,Java Time,coffee shop,4.2,2129,2
65,Breathe Coffee®️,coffee shop,4.3,194,2
66,Manuel Cafe,coffee shop,3.8,332,2
68,Ons Coffee أُنْس,cafe,4.3,528,1
69,Caribou Coffee,coffee shop,4.1,551,2
70,Coyard Coffee Roasters,cafe,4.3,698,1
71,Orange Mug,coffee shop,4.4,416,1
72,Coffee Boutique,coffee shop,3.8,194,0
73,Plateau Cafe,coffee shop,3.8,215,0
74,STARBUCKS COFFEE,coffee shop,4.1,81,2
75,Barista Coffee,cafe,3.8,107,0
76,Mazagan Cafe مزغان,coffee shop,4.5,89,0
77,STARBUCKS,coffee shop,4,615,2
78,Caribou Coffee,coffee shop,4.2,230,2
79,Caribou Coffee,coffee shop,4,1454,2
80,Tutti Cafe Al-Tahliya St - توتي كافيه شارع التحليه1,coffee shop,4,1,0
81,Caribou Coffee,coffee shop,4.2,350,2
82,STARBUCKS,coffee shop,4.2,618,2
83,Starbucks,coffee shop,4.1,736,2
84,dr.CAFE COFFEE,coffee shop,4.1,181,2
85,Non-Stop Truck,coffee shop,5,2,0
86,Caribou Coffee,coffee shop,4.3,161,2
87,STARBUCKS COFFEE,coffee shop,4.1,418,2
88,STARBUCKS (Drive Thru),coffee shop,4.1,718,2
89,North Coffee,coffee shop,3.6,755,0
90,Gloria Jean's Coffees,coffee shop,3.9,301,2
91,STARBUCKS,coffee shop,4.1,1315,2
92,Caffé Bene,coffee shop,4,228,2
93,Tonino Lamborghini Cafe,coffee shop,3.6,66,0
94,Half Million,coffee shop,3.9,3683,1
95,Caribou Coffee,coffee shop,4.2,517,2
97,Avindar Cafe,coffee shop,4,2200,0
98,Vergnano,coffee shop,4,92,0
99,STARBUCKS COFFEE,coffee shop,4.2,753,2
100,STARBUCKS,coffee shop,4,286,2
101,STARBUCKS COFFEE,coffee shop,4,39,2
102,Starbucks,coffee shop,4.1,255,2
103,Tutti Cafe,coffee shop,4.1,925,2
104,Tim Hortons,coffee shop,4.1,830,2
106,Soul cafe,coffee shop,4.6,7,0
107,Starbucks,coffee shop,4.2,290,2
108,STARBUCKS COFFEE,coffee shop,3.9,246,2
109,Corsini Cafe,cafe,3.9,105,2
110,Starbucks,coffee shop,3.9,980,2
111,dr.CAFE COFFEE,coffee shop,3.8,172,2
112,Balcony Cafe,coffee shop,3.7,1647,2
113,STARBUCKS COFFEE,coffee shop,3.9,1078,2
114,Cinnabon سينابون,coffee shop,3.6,49,2
115,Starbucks,coffee shop,4,977,2
116,dr.CAFE COFFEE,coffee shop,4.3,8,0
119,STARBUCKS COFFEE,coffee shop,4,1033,2
120,dr.CAFE COFFEE,coffee shop,3.5,16,2
121,Starbucks,coffee shop,4,1396,2
122,STARBUCKS COFFEE,coffee shop,4,286,2
123,Moonlight Cafe,coffee shop,3.9,84,0
124,RECIPE Cafe,cafe,4,937,2
125,Mamma Bunz cafe,coffee shop,4,329,2
127,O'Clock Breakfast & Coffee,coffee shop,4.3,152,0
128,Starbucks Coffee,coffee shop,4,1816,2
130,Eleven Cafe,coffee shop,3,2,0
131,STARBUCKS,coffee shop,3.8,12,0
132,Black House,coffee shop,3.8,866,2
133,STARBUCKS COFFEE,coffee shop,4.2,1183,2
134,STARBUCKS,coffee shop,3.6,93,2
135,Town Cafe,coffee shop,3.9,637,2
136,Starbucks,coffee shop,3.7,102,2
137,Starbucks,coffee shop,3.9,1354,2
138,Montreux Coffee,coffee shop,3.6,54,0
139,Caribou cafe,coffee shop,4.2,791,2
141,Starbucks,coffee shop,3.9,112,2
142,Starbucks,coffee shop,4.2,419,2
143,CAF Cafe,coffee shop,3.6,1216,0
144,Dip Lab cafe - for Families,coffee shop,4.5,809,2
145,Coffeeshop Company,cafe,3.9,351,2
146,Private Line Cafe,coffee shop,3.3,4,0
147,Onzacafe,coffee shop,3.6,521,2
148,Dunkin' Donuts,coffee shop,4.1,257,0
149,J Cafe,cafe,4.2,856,0
150,OCTANE speciality coffee,coffee shop,4.3,281,0
151,So Souffle,coffee shop,3.9,58,0
152,% Arabica,coffee shop,3.8,71,0
154,Java Time,coffee shop,4.1,307,2
156,Starbucks,coffee shop,4,509,2
157,The Coffee Bean & Tea Leaf,coffee shop,5,2,2
158,Starbucks,coffee shop,3.8,27,2
159,ماماروتي كافيه,coffee shop,4.2,6,0
160,Meeting Time,coffee shop,3.8,17,0
161,PAUL Bakery & Restaurant,cafe,4.3,153,3
162,Java Time,coffee shop,4.4,1812,2
163,Tones Coffee - قهوة تونز,coffee shop,4.7,133,0
164,illy Caffe,coffee shop,4.2,213,2
165,Krispy Kreme,coffee shop,4,2,2
166,Java Time,coffee shop,2,1,0
168,Gloria Jeans Coffees - king fahed Road - Al Anoud,coffee shop,4.5,10,0
170,dr.CAFE COFFEE,coffee shop,3.7,272,2
171,BIG TUMMY,coffee shop,4.3,17,0
172,10%,coffee shop,4,103,0
174,The Bench ذي بنش,coffee shop,4,218,0
175,illy Caffe‎,coffee shop,3.8,845,2
176,Ounce speciality cafe,cafe,4.3,630,1
177,Wayne's Coffee,cafe,4,427,2
178,Java Time,coffee shop,4.2,166,2
179,Java Time,coffee shop,4.4,1388,2
181,Kiva Han Coffee,cafe,3.7,2055,2
182,Karam Cafe,coffee shop,3.6,269,0
183,SASCO Palm,coffee shop,3.6,19,0
184,Alchemy Coffee Roasters @ pattern,coffee shop,4,194,0
185,Address Cafe,cafe,4.1,534,0
186,Draft Café,cafe,4.2,1693,2
187,Costa Coffee,cafe,3.4,62,2
188,SASCO Palm,coffee shop,4.1,17,0
189,Lavorio cafe,cafe,3.9,435,2
190,Key Café,cafe,3.6,89,0
191,Kiva han cafe,cafe,3.8,343,2
192,Wayne's Coffee,cafe,4.7,3,0
193,Saadeddin Pastry Head Office,coffee shop,4.2,164,2
195,Second Cup,cafe,4.3,17,0
196,The coffeeholics,cafe,4,1100,2
197,12 Cups,coffee shop,4.1,42,0